"date","min_level","avg_level","max_level","","","Day of recording","Flag history:","","","","","","","","","","","","",""
"18/06/2024","3.87","3.877","3.88","","","21/01/2024","Yellow ","21/01/2024","Yellow ","26/05/2024","3.964","","","","","","Cambridge Computer Laboratory Rooftop Weather at 05:54 PM on 19 Jun 24:","","",""
"17/06/2024","3.88","3.88","3.88","","","21/01/2024","","22/01/2024","Yellow","27/05/2024","3.927","","","","","","","","",""
"16/06/2024","3.88","3.89","3.9","","","21/01/2024","","23/01/2024","Green","28/05/2024","3.923","","","","","","Temperature:  17.3 C","","",""
"15/06/2024","3.88","3.893","3.91","","","21/01/2024","","24/01/2024","Yellow","29/05/2024","3.912","","","","","","Pressure:     1000 mBar","","",""
"14/06/2024","3.88","3.88","3.88","","","21/01/2024","","25/01/2024","Green","30/05/2024","3.9","","","","","","Humidity:     86 %","","",""
"13/06/2024","3.88","3.893","3.91","","","21/01/2024","","26/01/2024","Yellow","31/05/2024","3.907","","","","","","Dewpoint:     14.9 C","","",""
"12/06/2024","3.89","3.892","3.9","","","21/01/2024","","27/01/2024","Green","01/06/2024","3.897","","","","","","Wind:         0 knots","","",""
"11/06/2024","3.89","3.89","3.89","","","21/01/2024","","28/01/2024","Green","02/06/2024","3.897","","","","","","Sunshine:     2.4 hours (today)","","",""
"10/06/2024","3.88","3.887","3.89","","","21/01/2024","","29/01/2024","Green","03/06/2024","3.887","","","","","","Rainfall:     0.0 mm since midnight","","",""
"09/06/2024","3.87","3.88","3.89","","","21/01/2024","","30/01/2024","Green","04/06/2024","3.887","","","","","","","","",""
"08/06/2024","3.88","3.887","3.89","","","21/01/2024","","31/01/2024","Green","05/06/2024","3.884","","","","","","Summary:      very humid","mild","calm","17.3 C"
"07/06/2024","3.88","3.88","3.88","","","21/01/2024","","01/02/2024","Green","06/06/2024","3.887","","","","","","","","",""
"06/06/2024","3.88","3.887","3.89","","","21/01/2024","","02/02/2024","Green","07/06/2024","3.88","","","","","","","","",""
"05/06/2024","3.88","3.884","3.89","","","21/01/2024","","03/02/2024","Green","08/06/2024","3.887","","","","","","","","",""
"04/06/2024","3.88","3.887","3.89","","","21/01/2024","","04/02/2024","Green","09/06/2024","3.88","","","","","","","","",""
"03/06/2024","3.87","3.887","3.9","","","22/01/2024","Yellow","05/02/2024","Green","10/06/2024","3.887","","","","","","","","",""
"02/06/2024","3.89","3.897","3.9","","","22/01/2024","","06/02/2024","Yellow","11/06/2024","3.89","","","","","","","","",""
"01/06/2024","3.89","3.897","3.91","","","22/01/2024","","07/02/2024","Green","12/06/2024","3.892","","","","","","","","",""
"31/05/2024","3.9","3.907","3.91","","","22/01/2024","","08/02/2024","Green","13/06/2024","3.893","","","","","","","","",""
"30/05/2024","3.9","3.9","3.9","","","22/01/2024","","09/02/2024","Yellow","14/06/2024","3.88","","","","","","","","",""
"29/05/2024","3.89","3.912","3.92","","","22/01/2024","","10/02/2024","Red","15/06/2024","3.893","","","","","","","","",""
"28/05/2024","3.92","3.923","3.93","","","22/01/2024","","11/02/2024","Red","16/06/2024","3.89","","","","","","","","",""
"27/05/2024","3.92","3.927","3.93","","","22/01/2024","","12/02/2024","Red","17/06/2024","3.88","","","","","","","","",""
"26/05/2024","3.95","3.964","4","","","22/01/2024","","13/02/2024","Yellow","","","","","","","","","","",""
"25/05/2024","3.97","3.992","4","","","22/01/2024","","","","","","","","","","","","","",""
"24/05/2024","4.02","4.089","4.12","","","22/01/2024","","","","","","","","","","","","","",""
"23/05/2024","4.17","4.201","4.24","","","22/01/2024","","","","","","","","","","","","","",""
"22/05/2024","3.88","4.081","4.17","","","22/01/2024","","","","","","","","","","","","","",""
"21/05/2024","3.87","3.878","3.88","","","22/01/2024","","","","","","","","","","","","","",""
"20/05/2024","3.86","3.872","3.88","","","22/01/2024","","","","","","","","","","","","","",""
"19/05/2024","3.83","3.86","3.87","","","23/01/2024","Green","","","","","","","","","","","","",""
"18/05/2024","3.87","3.873","3.88","","","23/01/2024","","","","","","","","","","","","","",""
"17/05/2024","3.88","3.892","3.9","","","23/01/2024","","","","","","","","","","","","","",""
"16/05/2024","3.87","3.88","3.89","","","23/01/2024","","","","","","","","","","","","","",""
"15/05/2024","3.87","3.879","3.89","","","23/01/2024","","","","","","","","","","","","","",""
"14/05/2024","3.88","3.883","3.89","","","23/01/2024","","","","","","","","","","","","","",""
"13/05/2024","3.86","3.86","3.86","","","23/01/2024","","","","","","","","","","","","","",""
"12/05/2024","3.86","3.865","3.87","","","23/01/2024","","","","","","","","","","","","","",""
"11/05/2024","3.86","3.865","3.87","","","23/01/2024","","","","","","","","","","","","","",""
"10/05/2024","3.86","3.867","3.87","","","23/01/2024","","","","","","","","","","","","","",""
"09/05/2024","3.86","3.87","3.88","","","23/01/2024","","","","","","","","","","","","","",""
"08/05/2024","3.87","3.88","3.89","","","23/01/2024","","","","","","","","","","","","","",""
"07/05/2024","3.88","3.885","3.89","","","23/01/2024","","","","","","","","","","","","","",""
"06/05/2024","3.89","3.893","3.9","","","23/01/2024","","","","","","","","","","","","","",""
"05/05/2024","3.91","3.917","3.93","","","23/01/2024","","","","","","","","","","","","","",""
"04/05/2024","3.93","3.943","3.97","","","24/01/2024","Yellow","","","","","","","","","","","","",""
"03/05/2024","3.86","3.905","3.96","","","24/01/2024","","","","","","","","","","","","","",""
"02/05/2024","3.88","3.893","3.91","","","24/01/2024","","","","","","","","","","","","","",""
"01/05/2024","3.88","3.939","3.97","","","24/01/2024","","","","","","","","","","","","","",""
"30/04/2024","3.85","3.927","3.98","","","24/01/2024","","","","","","","","","","","","","",""
"29/04/2024","4.04","4.088","4.18","","","24/01/2024","","","","","","","","","","","","","",""
"28/04/2024","3.87","4.01","4.19","","","24/01/2024","","","","","","","","","","","","","",""
"27/04/2024","3.842","3.857","3.871","","","24/01/2024","","","","","","","","","","","","","",""
"26/04/2024","3.842","3.858","3.869","","","24/01/2024","","","","","","","","","","","","","",""
"25/04/2024","3.843","3.856","3.868","","","24/01/2024","","","","","","","","","","","","","",""
"24/04/2024","3.844","3.857","3.874","","","24/01/2024","","","","","","","","","","","","","",""
"23/04/2024","3.843","3.856","3.868","","","24/01/2024","","","","","","","","","","","","","",""
"22/04/2024","3.844","3.858","3.87","","","24/01/2024","","","","","","","","","","","","","",""
"21/04/2024","3.849","3.859","3.878","","","24/01/2024","","","","","","","","","","","","","",""
"20/04/2024","3.852","3.867","3.883","","","24/01/2024","","","","","","","","","","","","","",""
"19/04/2024","3.848","3.867","3.885","","","25/01/2024","Green","","","","","","","","","","","","",""
"18/04/2024","3.796","3.855","3.879","","","25/01/2024","","","","","","","","","","","","","",""
"17/04/2024","3.85","3.862","3.873","","","25/01/2024","","","","","","","","","","","","","",""
"16/04/2024","3.855","3.872","3.882","","","25/01/2024","","","","","","","","","","","","","",""
"15/04/2024","3.841","3.858","3.879","","","25/01/2024","","","","","","","","","","","","","",""
"14/04/2024","3.849","3.863","3.871","","","25/01/2024","","","","","","","","","","","","","",""
"13/04/2024","3.846","3.859","3.872","","","25/01/2024","","","","","","","","","","","","","",""
"12/04/2024","3.848","3.865","3.877","","","25/01/2024","","","","","","","","","","","","","",""
"11/04/2024","3.855","3.87","3.882","","","25/01/2024","","","","","","","","","","","","","",""
"10/04/2024","3.86","3.874","3.889","","","25/01/2024","","","","","","","","","","","","","",""
"09/04/2024","3.853","3.886","3.908","","","25/01/2024","","","","","","","","","","","","","",""
"08/04/2024","3.829","3.908","3.965","","","25/01/2024","","","","","","","","","","","","","",""
"07/04/2024","3.87","3.942","3.988","","","25/01/2024","","","","","","","","","","","","","",""
"06/04/2024","3.969","4.017","4.063","","","25/01/2024","","","","","","","","","","","","","",""
"05/04/2024","3.963","4.093","4.265","","","25/01/2024","","","","","","","","","","","","","",""
"04/04/2024","3.902","4.025","4.325","","","26/01/2024","Yellow","","","","","","","","","","","","",""
"03/04/2024","3.883","3.897","3.91","","","26/01/2024","","","","","","","","","","","","","",""
"02/04/2024","3.834","3.913","3.947","","","26/01/2024","","","","","","","","","","","","","",""
"01/04/2024","3.89","3.913","3.94","","","26/01/2024","","","","","","","","","","","","","",""
"31/03/2024","3.823","3.883","3.904","","","26/01/2024","","","","","","","","","","","","","",""
"30/03/2024","3.88","3.893","3.9","","","26/01/2024","","","","","","","","","","","","","",""
"29/03/2024","3.892","3.9","3.916","","","26/01/2024","","","","","","","","","","","","","",""
"28/03/2024","3.875","3.903","3.919","","","26/01/2024","","","","","","","","","","","","","",""
"27/03/2024","3.871","3.899","3.92","","","26/01/2024","","","","","","","","","","","","","",""
"26/03/2024","3.864","3.878","3.91","","","26/01/2024","","","","","","","","","","","","","",""
"25/03/2024","3.799","3.876","3.9","","","26/01/2024","","","","","","","","","","","","","",""
"24/03/2024","3.867","3.879","3.895","","","26/01/2024","","","","","","","","","","","","","",""
"23/03/2024","3.869","3.882","3.899","","","26/01/2024","","","","","","","","","","","","","",""
"22/03/2024","3.876","3.888","3.9","","","26/01/2024","","","","","","","","","","","","","",""
"21/03/2024","3.883","3.895","3.91","","","26/01/2024","","","","","","","","","","","","","",""
"20/03/2024","3.891","3.9","3.92","","","27/01/2024","Green","","","","","","","","","","","","",""
"19/03/2024","3.89","3.906","3.92","","","27/01/2024","","","","","","","","","","","","","",""
"18/03/2024","3.899","3.922","3.932","","","27/01/2024","","","","","","","","","","","","","",""
"17/03/2024","3.914","3.939","3.961","","","27/01/2024","","","","","","","","","","","","","",""
"16/03/2024","3.891","3.968","4.001","","","27/01/2024","","","","","","","","","","","","","",""
"15/03/2024","3.984","4.02","4.051","","","27/01/2024","","","","","","","","","","","","","",""
"14/03/2024","4.035","4.081","4.14","","","27/01/2024","","","","","","","","","","","","","",""
"13/03/2024","4.115","4.171","4.214","","","27/01/2024","","","","","","","","","","","","","",""
"12/03/2024","3.935","3.994","4.101","","","27/01/2024","","","","","","","","","","","","","",""
"11/03/2024","3.926","3.951","3.984","","","27/01/2024","","","","","","","","","","","","","",""
"10/03/2024","3.92","3.932","3.94","","","27/01/2024","","","","","","","","","","","","","",""
"09/03/2024","3.93","3.935","3.94","","","27/01/2024","","","","","","","","","","","","","",""
"08/03/2024","3.876","3.944","3.976","","","27/01/2024","","","","","","","","","","","","","",""
"07/03/2024","3.884","3.964","4.012","","","27/01/2024","","","","","","","","","","","","","",""
"06/03/2024","3.974","3.999","4.021","","","27/01/2024","","","","","","","","","","","","","",""
"05/03/2024","3.999","4.019","4.036","","","28/01/2024","Green","","","","","","","","","","","","",""
"04/03/2024","3.987","4.022","4.052","","","28/01/2024","","","","","","","","","","","","","",""
"03/03/2024","4.034","4.059","4.085","","","28/01/2024","","","","","","","","","","","","","",""
"02/03/2024","4.057","4.07","4.082","","","28/01/2024","","","","","","","","","","","","","",""
"01/03/2024","4.008","4.062","4.107","","","28/01/2024","","","","","","","","","","","","","",""
"29/02/2024","3.933","3.966","4.063","","","28/01/2024","","","","","","","","","","","","","",""
"28/02/2024","3.932","3.958","4.032","","","28/01/2024","","","","","","","","","","","","","",""
"27/02/2024","3.97","3.984","4.01","","","28/01/2024","","","","","","","","","","","","","",""
"26/02/2024","3.99","4.054","4.1","","","28/01/2024","","","","","","","","","","","","","",""
"25/02/2024","4.12","4.204","4.3","","","28/01/2024","","","","","","","","","","","","","",""
"24/02/2024","4.29","4.342","4.37","","","28/01/2024","","","","","","","","","","","","","",""
"23/02/2024","4.31","4.342","4.37","","","28/01/2024","","","","","","","","","","","","","",""
"22/02/2024","4.07","4.165","4.31","","","28/01/2024","","","","","","","","","","","","","",""
"21/02/2024","4.178","4.203","4.224","","","28/01/2024","","","","","","","","","","","","","",""
"20/02/2024","4.211","4.354","4.406","","","28/01/2024","","","","","","","","","","","","","",""
"19/02/2024","4.353","4.382","4.408","","","29/01/2024","Green","","","","","","","","","","","","",""
"18/02/2024","3.986","4.161","4.4","","","29/01/2024","","","","","","","","","","","","","",""
"17/02/2024","3.933","4.022","4.064","","","29/01/2024","","","","","","","","","","","","","",""
"16/02/2024","4.016","4.064","4.094","","","29/01/2024","","","","","","","","","","","","","",""
"15/02/2024","4.063","4.095","4.12","","","29/01/2024","","","","","","","","","","","","","",""
"14/02/2024","4.113","4.152","4.181","","","29/01/2024","","","","","","","","","","","","","",""
"13/02/2024","4.153","4.243","4.406","","","29/01/2024","","","","","","","","","","","","","",""
"12/02/2024","4.419","4.513","4.606","","","29/01/2024","","","","","","","","","","","","","",""
"11/02/2024","4.596","4.66","4.697","","","29/01/2024","","","","","","","","","","","","","",""
"10/02/2024","4.448","4.479","4.578","","","29/01/2024","","","","","","","","","","","","","",""
"09/02/2024","4.279","4.418","4.494","","","29/01/2024","","","","","","","","","","","","","",""
"08/02/2024","4.017","4.086","4.252","","","29/01/2024","","","","","","","","","","","","","",""
"07/02/2024","4.092","4.112","4.129","","","29/01/2024","","","","","","","","","","","","","",""
"06/02/2024","3.821","3.832","3.851","","","29/01/2024","","","","","","","","","","","","","",""
"05/02/2024","3.819","3.836","3.852","","","29/01/2024","","","","","","","","","","","","","",""
"04/02/2024","3.823","3.835","3.851","","","30/01/2024","Green","","","","","","","","","","","","",""
"03/02/2024","3.833","3.838","3.843","","","30/01/2024","","","","","","","","","","","","","",""
"02/02/2024","3.828","3.84","3.853","","","30/01/2024","","","","","","","","","","","","","",""
"01/02/2024","3.84","3.843","3.85","","","30/01/2024","","","","","","","","","","","","","",""
"31/01/2024","3.8","3.836","3.85","","","30/01/2024","","","","","","","","","","","","","",""
"30/01/2024","3.84","3.853","3.86","","","30/01/2024","","","","","","","","","","","","","",""
"29/01/2024","3.85","3.857","3.87","","","30/01/2024","","","","","","","","","","","","","",""
"28/01/2024","3.85","3.857","3.87","","","30/01/2024","","","","","","","","","","","","","",""
"27/01/2024","3.86","3.863","3.87","","","30/01/2024","","","","","","","","","","","","","",""
"26/01/2024","3.88","3.88","3.88","","","30/01/2024","","","","","","","","","","","","","",""
"25/01/2024","3.881","3.888","3.896","","","30/01/2024","","","","","","","","","","","","","",""
"24/01/2024","3.85","3.876","3.91","","","30/01/2024","","","","","","","","","","","","","",""
"23/01/2024","3.87","3.875","3.88","","","30/01/2024","","","","","","","","","","","","","",""
"22/01/2024","3.85","3.86","3.87","","","30/01/2024","","","","","","","","","","","","","",""
"21/01/2024","3.823","3.849","3.869","","","30/01/2024","","","","","","","","","","","","","",""
"20/01/2024","3.85","3.85","3.85","","","31/01/2024","Green","","","","","","","","","","","","",""
"19/01/2024","3.84","3.852","3.87","","","31/01/2024","","","","","","","","","","","","","",""
"18/01/2024","2.53","3.765","3.93","","","31/01/2024","","","","","","","","","","","","","",""
"17/01/2024","3.93","3.938","3.94","","","31/01/2024","","","","","","","","","","","","","",""
"16/01/2024","3.93","3.938","3.94","","","31/01/2024","","","","","","","","","","","","","",""
"15/01/2024","3.93","3.943","3.95","","","31/01/2024","","","","","","","","","","","","","",""
"14/01/2024","3.96","3.96","3.96","","","31/01/2024","","","","","","","","","","","","","",""
"13/01/2024","3.95","3.965","3.976","","","31/01/2024","","","","","","","","","","","","","",""
"12/01/2024","3.97","3.975","3.98","","","31/01/2024","","","","","","","","","","","","","",""
"11/01/2024","3.98","3.993","4","","","31/01/2024","","","","","","","","","","","","","",""
"10/01/2024","3.928","4.025","4.055","","","31/01/2024","","","","","","","","","","","","","",""
"09/01/2024","3.96","4.086","4.15","","","31/01/2024","","","","","","","","","","","","","",""
"08/01/2024","4.13","4.215","4.33","","","31/01/2024","","","","","","","","","","","","","",""
"07/01/2024","4.43","4.591","4.67","","","31/01/2024","","","","","","","","","","","","","",""
"06/01/2024","4.66","4.712","4.79","","","31/01/2024","","","","","","","","","","","","","",""
"05/01/2024","4.416","4.475","4.548","","","01/02/2024","Green","","","","","","","","","","","","",""
"04/01/2024","4.4","4.411","4.42","","","01/02/2024","","","","","","","","","","","","","",""
"03/01/2024","4.38","4.444","4.51","","","01/02/2024","","","","","","","","","","","","","",""
"02/01/2024","4.07","4.214","4.39","","","01/02/2024","","","","","","","","","","","","","",""
"01/01/2024","4.06","4.073","4.09","","","01/02/2024","","","","","","","","","","","","","",""
"31/12/2023","3.95","4.01","4.08","","","01/02/2024","","","","","","","","","","","","","",""
"30/12/2023","3.93","3.94","3.95","","","01/02/2024","","","","","","","","","","","","","",""
"29/12/2023","3.93","3.94","3.95","","","01/02/2024","","","","","","","","","","","","","",""
"28/12/2023","3.94","3.95","3.96","","","01/02/2024","","","","","","","","","","","","","",""
"27/12/2023","3.92","3.93","3.94","","","01/02/2024","","","","","","","","","","","","","",""
"26/12/2023","3.91","3.92","3.93","","","01/02/2024","","","","","","","","","","","","","",""
"25/12/2023","3.92","3.924","3.93","","","01/02/2024","","","","","","","","","","","","","",""
"24/12/2023","3.89","3.92","3.94","","","01/02/2024","","","","","","","","","","","","","",""
"23/12/2023","3.96","3.978","3.99","","","01/02/2024","","","","","","","","","","","","","",""
"22/12/2023","3.99","4.018","4.05","","","01/02/2024","","","","","","","","","","","","","",""
"21/12/2023","4.05","4.09","4.14","","","02/02/2024","Green","","","","","","","","","","","","",""
"20/12/2023","4.06","4.159","4.24","","","02/02/2024","","","","","","","","","","","","","",""
"19/12/2023","3.93","3.966","4.06","","","02/02/2024","","","","","","","","","","","","","",""
"18/12/2023","3.93","3.933","3.94","","","02/02/2024","","","","","","","","","","","","","",""
"17/12/2023","3.93","3.937","3.94","","","02/02/2024","","","","","","","","","","","","","",""
"16/12/2023","3.94","3.965","3.99","","","02/02/2024","","","","","","","","","","","","","",""
"15/12/2023","3.97","4.024","4.08","","","02/02/2024","","","","","","","","","","","","","",""
"14/12/2023","4.09","4.1","4.11","","","02/02/2024","","","","","","","","","","","","","",""
"13/12/2023","4.08","4.092","4.11","","","02/02/2024","","","","","","","","","","","","","",""
"12/12/2023","4","4.04","4.08","","","02/02/2024","","","","","","","","","","","","","",""
"11/12/2023","4.05","4.083","4.1","","","02/02/2024","","","","","","","","","","","","","",""
"10/12/2023","4.1","4.14","4.16","","","02/02/2024","","","","","","","","","","","","","",""
"09/12/2023","4.03","4.057","4.08","","","02/02/2024","","","","","","","","","","","","","",""
"08/12/2023","4.01","4.038","4.07","","","02/02/2024","","","","","","","","","","","","","",""
"07/12/2023","3.98","3.99","4","","","02/02/2024","","","","","","","","","","","","","",""
"06/12/2023","4","4.028","4.05","","","03/02/2024","Green","","","","","","","","","","","","",""
"05/12/2023","4.04","4.078","4.11","","","03/02/2024","","","","","","","","","","","","","",""
"04/12/2023","3.9","3.973","4.04","","","03/02/2024","","","","","","","","","","","","","",""
"03/12/2023","3.89","3.915","3.93","","","03/02/2024","","","","","","","","","","","","","",""
"02/12/2023","3.91","3.913","3.92","","","03/02/2024","","","","","","","","","","","","","",""
"01/12/2023","3.9","3.907","3.91","","","03/02/2024","","","","","","","","","","","","","",""
"30/11/2023","3.9","3.925","3.96","","","03/02/2024","","","","","","","","","","","","","",""
"29/11/2023","3.95","3.965","3.98","","","03/02/2024","","","","","","","","","","","","","",""
"28/11/2023","3.97","3.995","4.05","","","03/02/2024","","","","","","","","","","","","","",""
"27/11/2023","3.9","3.92","3.94","","","03/02/2024","","","","","","","","","","","","","",""
"26/11/2023","3.9","3.907","3.91","","","03/02/2024","","","","","","","","","","","","","",""
"25/11/2023","3.89","3.903","3.92","","","03/02/2024","","","","","","","","","","","","","",""
"24/11/2023","3.89","3.907","3.94","","","03/02/2024","","","","","","","","","","","","","",""
"23/11/2023","3.87","3.883","3.9","","","03/02/2024","","","","","","","","","","","","","",""
"22/11/2023","3.82","3.862","3.94","","","03/02/2024","","","","","","","","","","","","","",""
"21/11/2023","3.83","3.837","3.84","","","04/02/2024","Green","","","","","","","","","","","","",""
"20/11/2023","3.82","3.86","3.91","","","04/02/2024","","","","","","","","","","","","","",""
"19/11/2023","3.93","3.97","4.04","","","04/02/2024","","","","","","","","","","","","","",""
"18/11/2023","3.9","3.919","3.94","","","04/02/2024","","","","","","","","","","","","","",""
"17/11/2023","3.88","3.89","3.9","","","04/02/2024","","","","","","","","","","","","","",""
"16/11/2023","3.85","3.887","3.92","","","04/02/2024","","","","","","","","","","","","","",""
"15/11/2023","3.89","3.923","3.95","","","04/02/2024","","","","","","","","","","","","","",""
"14/11/2023","3.97","4.02","4.09","","","04/02/2024","","","","","","","","","","","","","",""
"13/11/2023","3.88","3.901","3.95","","","04/02/2024","","","","","","","","","","","","","",""
"12/11/2023","3.87","3.886","3.9","","","04/02/2024","","","","","","","","","","","","","",""
"11/11/2023","3.77","3.827","3.87","","","04/02/2024","","","","","","","","","","","","","",""
"10/11/2023","3.86","3.878","3.89","","","04/02/2024","","","","","","","","","","","","","",""
"09/11/2023","3.87","3.912","4","","","04/02/2024","","","","","","","","","","","","","",""
"08/11/2023","3.9","3.918","3.93","","","04/02/2024","","","","","","","","","","","","","",""
"07/11/2023","3.85","3.941","4.01","","","04/02/2024","","","","","","","","","","","","","",""
"06/11/2023","3.97","4.005","4.04","","","05/02/2024","Green","","","","","","","","","","","","",""
"05/11/2023","4.03","4.098","4.13","","","05/02/2024","","","","","","","","","","","","","",""
"04/11/2023","4.13","4.208","4.24","","","05/02/2024","","","","","","","","","","","","","",""
"03/11/2023","4.24","4.265","4.29","","","05/02/2024","","","","","","","","","","","","","",""
"02/11/2023","3.94","4.068","4.28","","","05/02/2024","","","","","","","","","","","","","",""
"01/11/2023","3.86","3.93","3.98","","","05/02/2024","","","","","","","","","","","","","",""
"31/10/2023","3.9","3.935","3.96","","","05/02/2024","","","","","","","","","","","","","",""
"30/10/2023","3.93","3.954","4","","","05/02/2024","","","","","","","","","","","","","",""
"29/10/2023","3.89","3.908","3.93","","","05/02/2024","","","","","","","","","","","","","",""
"28/10/2023","3.89","3.895","3.91","","","05/02/2024","","","","","","","","","","","","","",""
"27/10/2023","3.89","3.908","3.94","","","05/02/2024","","","","","","","","","","","","","",""
"26/10/2023","3.86","3.915","3.94","","","05/02/2024","","","","","","","","","","","","","",""
"25/10/2023","3.92","3.957","3.99","","","05/02/2024","","","","","","","","","","","","","",""
"24/10/2023","3.98","4.019","4.04","","","05/02/2024","","","","","","","","","","","","","",""
"23/10/2023","4.06","4.108","4.18","","","05/02/2024","","","","","","","","","","","","","",""
"22/10/2023","4.13","4.267","4.36","","","06/02/2024","Yellow","","","","","","","","","","","","",""
"21/10/2023","4.37","4.422","4.47","","","06/02/2024","","","","","","","","","","","","","",""
"20/10/2023","3.95","4.13","4.37","","","06/02/2024","","","","","","","","","","","","","",""
"19/10/2023","3.87","3.933","4.01","","","06/02/2024","","","","","","","","","","","","","",""
"18/10/2023","3.87","3.889","3.92","","","06/02/2024","","","","","","","","","","","","","",""
"17/10/2023","3.89","3.902","3.92","","","06/02/2024","","","","","","","","","","","","","",""
"16/10/2023","3.91","3.916","3.93","","","06/02/2024","","","","","","","","","","","","","",""
"15/10/2023","3.87","3.961","4.04","","","06/02/2024","","","","","","","","","","","","","",""
"14/10/2023","4.01","4.086","4.15","","","06/02/2024","","","","","","","","","","","","","",""
"13/10/2023","3.96","4.053","4.17","","","06/02/2024","","","","","","","","","","","","","",""
"12/10/2023","3.86","3.938","4.02","","","06/02/2024","","","","","","","","","","","","","",""
"11/10/2023","3.79","3.811","3.86","","","06/02/2024","","","","","","","","","","","","","",""
"10/10/2023","3.8","3.809","3.82","","","06/02/2024","","","","","","","","","","","","","",""
"09/10/2023","3.8","3.814","3.82","","","06/02/2024","","","","","","","","","","","","","",""
"08/10/2023","3.8","3.81","3.82","","","06/02/2024","","","","","","","","","","","","","",""
"07/10/2023","3.8","3.815","3.82","","","07/02/2024","Green","","","","","","","","","","","","",""
"06/10/2023","3.8","3.815","3.83","","","07/02/2024","","","","","","","","","","","","","",""
"05/10/2023","3.83","3.837","3.85","","","07/02/2024","","","","","","","","","","","","","",""
"04/10/2023","3.83","3.835","3.84","","","07/02/2024","","","","","","","","","","","","","",""
"03/10/2023","3.83","3.838","3.84","","","07/02/2024","","","","","","","","","","","","","",""
"02/10/2023","3.82","3.83","3.84","","","07/02/2024","","","","","","","","","","","","","",""
"01/10/2023","3.82","3.826","3.83","","","07/02/2024","","","","","","","","","","","","","",""
"30/09/2023","3.83","3.83","3.83","","","07/02/2024","","","","","","","","","","","","","",""
"29/09/2023","3.83","3.837","3.84","","","07/02/2024","","","","","","","","","","","","","",""
"28/09/2023","3.83","3.83","3.83","","","07/02/2024","","","","","","","","","","","","","",""
"27/09/2023","3.84","3.84","3.84","","","07/02/2024","","","","","","","","","","","","","",""
"26/09/2023","3.83","3.84","3.85","","","07/02/2024","","","","","","","","","","","","","",""
"25/09/2023","3.84","3.847","3.85","","","07/02/2024","","","","","","","","","","","","","",""
"24/09/2023","3.85","3.86","3.87","","","07/02/2024","","","","","","","","","","","","","",""
"23/09/2023","3.88","3.895","3.911","","","07/02/2024","","","","","","","","","","","","","",""
"22/09/2023","3.91","3.92","3.93","","","08/02/2024","Green","","","","","","","","","","","","",""
"21/09/2023","3.94","3.975","4.03","","","08/02/2024","","","","","","","","","","","","","",""
"20/09/2023","3.83","3.894","4.07","","","08/02/2024","","","","","","","","","","","","","",""
"19/09/2023","3.85","3.859","3.88","","","08/02/2024","","","","","","","","","","","","","",""
"18/09/2023","3.86","3.93","3.98","","","08/02/2024","","","","","","","","","","","","","",""
"17/09/2023","3.79","3.801","3.81","","","08/02/2024","","","","","","","","","","","","","",""
"16/09/2023","3.79","3.806","3.82","","","08/02/2024","","","","","","","","","","","","","",""
"15/09/2023","3.79","3.808","3.83","","","08/02/2024","","","","","","","","","","","","","",""
"14/09/2023","3.79","3.802","3.82","","","08/02/2024","","","","","","","","","","","","","",""
"13/09/2023","3.79","3.808","3.82","","","08/02/2024","","","","","","","","","","","","","",""
"12/09/2023","3.78","3.798","3.83","","","08/02/2024","","","","","","","","","","","","","",""
"11/09/2023","3.78","3.789","3.81","","","08/02/2024","","","","","","","","","","","","","",""
"10/09/2023","3.78","3.799","3.82","","","08/02/2024","","","","","","","","","","","","","",""
"09/09/2023","3.79","3.801","3.82","","","08/02/2024","","","","","","","","","","","","","",""
"08/09/2023","3.8","3.805","3.81","","","08/02/2024","","","","","","","","","","","","","",""
"07/09/2023","3.8","3.814","3.82","","","09/02/2024","Yellow","","","","","","","","","","","","",""
"06/09/2023","3.81","3.824","3.84","","","09/02/2024","","","","","","","","","","","","","",""
"05/09/2023","3.81","3.827","3.85","","","09/02/2024","","","","","","","","","","","","","",""
"04/09/2023","3.82","3.833","3.86","","","09/02/2024","","","","","","","","","","","","","",""
"03/09/2023","3.835","3.845","3.857","","","09/02/2024","","","","","","","","","","","","","",""
"02/09/2023","3.85","3.856","3.86","","","09/02/2024","","","","","","","","","","","","","",""
"01/09/2023","3.86","3.88","3.92","","","09/02/2024","","","","","","","","","","","","","",""
"31/08/2023","3.85","3.858","3.87","","","09/02/2024","","","","","","","","","","","","","",""
"30/08/2023","3.86","3.866","3.87","","","09/02/2024","","","","","","","","","","","","","",""
"29/08/2023","3.84","3.849","3.87","","","09/02/2024","","","","","","","","","","","","","",""
"28/08/2023","3.83","3.845","3.86","","","09/02/2024","","","","","","","","","","","","","",""
"27/08/2023","3.84","3.849","3.86","","","09/02/2024","","","","","","","","","","","","","",""
"26/08/2023","3.84","3.851","3.86","","","09/02/2024","","","","","","","","","","","","","",""
"25/08/2023","3.842","3.852","3.872","","","09/02/2024","","","","","","","","","","","","","",""
"24/08/2023","3.84","3.848","3.86","","","09/02/2024","","","","","","","","","","","","","",""
"23/08/2023","3.81","3.826","3.85","","","10/02/2024","Red","","","","","","","","","","","","",""
"22/08/2023","3.83","3.86","3.94","","","10/02/2024","","","","","","","","","","","","","",""
"21/08/2023","3.83","3.838","3.85","","","10/02/2024","","","","","","","","","","","","","",""
"20/08/2023","3.84","3.845","3.86","","","10/02/2024","","","","","","","","","","","","","",""
"19/08/2023","3.84","3.856","3.87","","","10/02/2024","","","","","","","","","","","","","",""
"18/08/2023","3.84","3.849","3.86","","","10/02/2024","","","","","","","","","","","","","",""
"17/08/2023","3.84","3.84","3.84","","","10/02/2024","","","","","","","","","","","","","",""
"16/08/2023","3.84","3.846","3.85","","","10/02/2024","","","","","","","","","","","","","",""
"15/08/2023","3.838","3.85","3.866","","","10/02/2024","","","","","","","","","","","","","",""
"14/08/2023","3.85","3.853","3.86","","","10/02/2024","","","","","","","","","","","","","",""
"13/08/2023","3.832","3.841","3.854","","","10/02/2024","","","","","","","","","","","","","",""
"12/08/2023","3.84","3.847","3.86","","","10/02/2024","","","","","","","","","","","","","",""
"11/08/2023","3.85","3.86","3.87","","","10/02/2024","","","","","","","","","","","","","",""
"10/08/2023","3.87","3.88","3.89","","","10/02/2024","","","","","","","","","","","","","",""
"09/08/2023","3.89","3.894","3.9","","","10/02/2024","","","","","","","","","","","","","",""
"08/08/2023","3.86","3.88","3.91","","","11/02/2024","Red","","","","","","","","","","","","",""
"07/08/2023","3.88","3.883","3.89","","","11/02/2024","","","","","","","","","","","","","",""
"06/08/2023","3.89","3.897","3.9","","","11/02/2024","","","","","","","","","","","","","",""
"05/08/2023","3.87","3.918","3.93","","","11/02/2024","","","","","","","","","","","","","",""
"04/08/2023","3.85","3.911","3.95","","","11/02/2024","","","","","","","","","","","","","",""
"03/08/2023","3.85","3.858","3.87","","","11/02/2024","","","","","","","","","","","","","",""
"02/08/2023","3.85","3.868","3.89","","","11/02/2024","","","","","","","","","","","","","",""
"01/08/2023","3.82","3.837","3.85","","","11/02/2024","","","","","","","","","","","","","",""
"31/07/2023","3.842","3.851","3.865","","","11/02/2024","","","","","","","","","","","","","",""
"30/07/2023","3.83","3.85","3.87","","","11/02/2024","","","","","","","","","","","","","",""
"29/07/2023","3.84","3.847","3.85","","","11/02/2024","","","","","","","","","","","","","",""
"28/07/2023","3.87","3.873","3.88","","","11/02/2024","","","","","","","","","","","","","",""
"27/07/2023","3.89","3.893","3.9","","","11/02/2024","","","","","","","","","","","","","",""
"26/07/2023","3.87","3.886","3.961","","","11/02/2024","","","","","","","","","","","","","",""
"25/07/2023","3.88","3.884","3.9","","","11/02/2024","","","","","","","","","","","","","",""
"24/07/2023","3.88","3.89","3.9","","","12/02/2024","Red","","","","","","","","","","","","",""
"23/07/2023","3.87","3.873","3.88","","","12/02/2024","","","","","","","","","","","","","",""
"22/07/2023","3.84","3.86","3.88","","","12/02/2024","","","","","","","","","","","","","",""
"21/07/2023","3.84","3.846","3.86","","","12/02/2024","","","","","","","","","","","","","",""
"20/07/2023","3.85","3.863","3.87","","","12/02/2024","","","","","","","","","","","","","",""
"19/07/2023","3.85","3.86","3.87","","","12/02/2024","","","","","","","","","","","","","",""
"18/07/2023","3.85","3.857","3.87","","","12/02/2024","","","","","","","","","","","","","",""
"17/07/2023","3.86","3.87","3.88","","","12/02/2024","","","","","","","","","","","","","",""
"16/07/2023","3.873","3.884","3.9","","","12/02/2024","","","","","","","","","","","","","",""
"15/07/2023","3.866","3.883","3.896","","","12/02/2024","","","","","","","","","","","","","",""
"14/07/2023","3.861","3.879","3.918","","","12/02/2024","","","","","","","","","","","","","",""
"13/07/2023","3.86","3.87","3.89","","","12/02/2024","","","","","","","","","","","","","",""
"12/07/2023","3.863","3.877","3.893","","","12/02/2024","","","","","","","","","","","","","",""
"11/07/2023","3.87","3.883","3.9","","","12/02/2024","","","","","","","","","","","","","",""
"10/07/2023","3.867","3.881","3.894","","","12/02/2024","","","","","","","","","","","","","",""
"09/07/2023","3.88","3.887","3.89","","","13/02/2024","Yellow","","","","","","","","","","","","",""
"08/07/2023","3.83","3.867","3.9","","","","","","","","","","","","","","","","",""
"07/07/2023","3.84","3.845","3.85","","","","","","","","","","","","","","","","",""
"06/07/2023","3.86","3.86","3.86","","","","","","","","","","","","","","","","",""
"05/07/2023","3.861","3.883","3.917","","","","","","","","","","","","","","","","",""
"04/07/2023","3.85","3.876","3.92","","","","","","","","","","","","","","","","",""
"03/07/2023","3.85","3.861","3.88","","","","","","","","","","","","","","","","",""
"02/07/2023","3.86","3.87","3.88","","","","","","","","","","","","","","","","",""
"01/07/2023","3.86","3.877","3.89","","","","","","","","","","","","","","","","",""
"30/06/2023","3.9","3.9","3.9","","","","","","","","","","","","","","","","",""
"29/06/2023","3.9","3.907","3.92","","","","","","","","","","","","","","","","",""
"28/06/2023","3.87","3.886","3.89","","","","","","","","","","","","","","","","",""
"27/06/2023","3.88","3.887","3.89","","","","","","","","","","","","","","","","",""
"26/06/2023","3.87","3.879","3.89","","","","","","","","","","","","","","","","",""
"25/06/2023","3.88","3.887","3.89","","","","","","","","","","","","","","","","",""
"24/06/2023","3.88","3.89","3.9","","","","","","","","","","","","","","","","",""
"23/06/2023","3.88","3.89","3.9","","","","","","","","","","","","","","","","",""
"22/06/2023","3.88","3.89","3.9","","","","","","","","","","","","","","","","",""
"21/06/2023","3.89","3.896","3.9","","","","","","","","","","","","","","","","",""
"20/06/2023","3.88","3.893","3.9","","","","","","","","","","","","","","","","",""
"19/06/2023","3.875","3.883","3.895","","","","","","","","","","","","","","","","",""
"18/06/2023","3.87","3.903","3.93","","","","","","","","","","","","","","","","",""
"17/06/2023","3.88","3.89","3.9","","","","","","","","","","","","","","","","",""
"16/06/2023","3.88","3.88","3.88","","","","","","","","","","","","","","","","",""
"15/06/2023","3.873","3.884","3.894","","","","","","","","","","","","","","","","",""
"14/06/2023","3.87","3.884","3.89","","","","","","","","","","","","","","","","",""
"13/06/2023","3.868","3.882","3.9","","","","","","","","","","","","","","","","",""
"12/06/2023","3.863","3.878","3.894","","","","","","","","","","","","","","","","",""
"11/06/2023","3.865","3.881","3.893","","","","","","","","","","","","","","","","",""
"10/06/2023","3.867","3.876","3.886","","","","","","","","","","","","","","","","",""
"09/06/2023","3.873","3.886","3.904","","","","","","","","","","","","","","","","",""
"08/06/2023","3.88","3.887","3.9","","","","","","","","","","","","","","","","",""
"07/06/2023","3.88","3.883","3.89","","","","","","","","","","","","","","","","",""
"06/06/2023","3.88","3.88","3.88","","","","","","","","","","","","","","","","",""
"05/06/2023","3.865","3.876","3.89","","","","","","","","","","","","","","","","",""
"04/06/2023","3.88","3.883","3.89","","","","","","","","","","","","","","","","",""
"03/06/2023","3.87","3.877","3.88","","","","","","","","","","","","","","","","",""
"02/06/2023","3.88","3.887","3.89","","","","","","","","","","","","","","","","",""
"01/06/2023","3.87","3.877","3.88","","","","","","","","","","","","","","","","",""
"31/05/2023","3.863","3.879","3.898","","","","","","","","","","","","","","","","",""
"30/05/2023","3.858","3.876","3.896","","","","","","","","","","","","","","","","",""
"29/05/2023","3.88","3.88","3.88","","","","","","","","","","","","","","","","",""
"28/05/2023","3.87","3.883","3.89","","","","","","","","","","","","","","","","",""
"27/05/2023","3.87","3.877","3.88","","","","","","","","","","","","","","","","",""
"26/05/2023","3.87","3.877","3.88","","","","","","","","","","","","","","","","",""
"25/05/2023","3.88","3.883","3.89","","","","","","","","","","","","","","","","",""
"24/05/2023","3.87","3.872","3.88","","","","","","","","","","","","","","","","",""
"23/05/2023","3.87","3.875","3.88","","","","","","","","","","","","","","","","",""
"22/05/2023","3.87","3.878","3.89","","","","","","","","","","","","","","","","",""
"21/05/2023","3.87","3.877","3.89","","","","","","","","","","","","","","","","",""
"20/05/2023","3.88","3.883","3.89","","","","","","","","","","","","","","","","",""
"19/05/2023","3.86","3.887","3.9","","","","","","","","","","","","","","","","",""
"18/05/2023","3.88","3.893","3.9","","","","","","","","","","","","","","","","",""
"17/05/2023","3.87","3.896","3.919","","","","","","","","","","","","","","","","",""
"16/05/2023","3.9","3.912","3.92","","","","","","","","","","","","","","","","",""
"15/05/2023","3.89","3.93","3.95","","","","","","","","","","","","","","","","",""
"14/05/2023","3.918","3.964","3.993","","","","","","","","","","","","","","","","",""
"13/05/2023","3.98","4.013","4.04","","","","","","","","","","","","","","","","",""
"12/05/2023","4.01","4.058","4.09","","","","","","","","","","","","","","","","",""
"11/05/2023","3.97","4.128","4.21","","","","","","","","","","","","","","","","",""
"10/05/2023","4.18","4.229","4.29","","","","","","","","","","","","","","","","",""
"09/05/2023","4.2","4.2","4.2","","","","","","","","","","","","","","","","",""
"08/05/2023","3.93","3.948","4","","","","","","","","","","","","","","","","",""
"07/05/2023","3.91","3.959","4.006","","","","","","","","","","","","","","","","",""
"06/05/2023","3.88","3.906","3.952","","","","","","","","","","","","","","","","",""
"05/05/2023","3.85","3.859","3.88","","","","","","","","","","","","","","","","",""
"04/05/2023","3.85","3.862","3.88","","","","","","","","","","","","","","","","",""
"03/05/2023","3.86","3.866","3.87","","","","","","","","","","","","","","","","",""
"02/05/2023","3.845","3.862","3.877","","","","","","","","","","","","","","","","",""
"01/05/2023","3.842","3.859","3.878","","","","","","","","","","","","","","","","",""
"30/04/2023","3.822","3.855","3.877","","","","","","","","","","","","","","","","",""
"29/04/2023","3.85","3.861","3.87","","","","","","","","","","","","","","","","",""
"28/04/2023","3.85","3.865","3.89","","","","","","","","","","","","","","","","",""
"27/04/2023","3.85","3.863","3.87","","","","","","","","","","","","","","","","",""
"26/04/2023","3.85","3.859","3.88","","","","","","","","","","","","","","","","",""
"25/04/2023","3.85","3.865","3.88","","","","","","","","","","","","","","","","",""
"24/04/2023","3.86","3.865","3.88","","","","","","","","","","","","","","","","",""
"23/04/2023","3.854","3.865","3.881","","","","","","","","","","","","","","","","",""
"22/04/2023","3.86","3.873","3.88","","","","","","","","","","","","","","","","",""
"21/04/2023","3.85","3.877","3.89","","","","","","","","","","","","","","","","",""
"20/04/2023","3.86","3.877","3.9","","","","","","","","","","","","","","","","",""
"19/04/2023","3.877","3.888","3.904","","","","","","","","","","","","","","","","",""
"18/04/2023","3.87","3.902","3.92","","","","","","","","","","","","","","","","",""
"17/04/2023","3.84","3.917","4.02","","","","","","","","","","","","","","","","",""
"16/04/2023","3.947","4.019","4.072","","","","","","","","","","","","","","","","",""
"15/04/2023","3.88","3.985","4.11","","","","","","","","","","","","","","","","",""
"14/04/2023","3.87","3.89","3.91","","","","","","","","","","","","","","","","",""
"13/04/2023","3.87","3.891","3.9","","","","","","","","","","","","","","","","",""
"12/04/2023","3.88","3.886","3.9","","","","","","","","","","","","","","","","",""
"11/04/2023","3.88","3.895","3.92","","","","","","","","","","","","","","","","",""
"10/04/2023","3.85","3.882","3.955","","","","","","","","","","","","","","","","",""
"09/04/2023","3.86","3.875","3.89","","","","","","","","","","","","","","","","",""
"08/04/2023","3.87","3.883","3.89","","","","","","","","","","","","","","","","",""
"07/04/2023","3.873","3.89","3.905","","","","","","","","","","","","","","","","",""
"06/04/2023","3.88","3.903","3.92","","","","","","","","","","","","","","","","",""
"05/04/2023","3.902","3.935","3.966","","","","","","","","","","","","","","","","",""
"04/04/2023","3.962","3.996","4.035","","","","","","","","","","","","","","","","",""
"03/04/2023","4.01","4.071","4.11","","","","","","","","","","","","","","","","",""
"02/04/2023","4.103","4.165","4.215","","","","","","","","","","","","","","","","",""
"01/04/2023","4.03","4.159","4.25","","","","","","","","","","","","","","","","",""
"31/03/2023","3.899","3.95","4.039","","","","","","","","","","","","","","","","",""
"30/03/2023","3.882","3.899","3.924","","","","","","","","","","","","","","","","",""
"29/03/2023","3.887","3.911","3.934","","","","","","","","","","","","","","","","",""
"28/03/2023","3.909","3.923","3.938","","","","","","","","","","","","","","","","",""
"27/03/2023","3.923","3.944","3.968","","","","","","","","","","","","","","","","",""
"26/03/2023","3.91","3.932","3.95","","","","","","","","","","","","","","","","",""
"25/03/2023","3.9","3.917","3.94","","","","","","","","","","","","","","","","",""
"24/03/2023","3.93","3.942","3.963","","","","","","","","","","","","","","","","",""
"23/03/2023","3.92","3.957","3.98","","","","","","","","","","","","","","","","",""
"22/03/2023","3.87","3.929","3.98","","","","","","","","","","","","","","","","",""
"21/03/2023","3.94","3.971","3.99","","","","","","","","","","","","","","","","",""
"20/03/2023","3.953","4.007","4.051","","","","","","","","","","","","","","","","",""
"19/03/2023","4.046","4.08","4.129","","","","","","","","","","","","","","","","",""
"18/03/2023","3.96","4.035","4.12","","","","","","","","","","","","","","","","",""
"17/03/2023","3.92","3.938","3.95","","","","","","","","","","","","","","","","",""
"16/03/2023","3.9","3.962","3.99","","","","","","","","","","","","","","","","",""
"15/03/2023","3.95","4.009","4.07","","","","","","","","","","","","","","","","",""
"14/03/2023","4.03","4.038","4.05","","","","","","","","","","","","","","","","",""
"13/03/2023","3.92","4.028","4.15","","","","","","","","","","","","","","","","",""
"12/03/2023","4.14","4.21","4.29","","","","","","","","","","","","","","","","",""
"11/03/2023","4.3","4.35","4.42","","","","","","","","","","","","","","","","",""
"10/03/2023","3.947","4.263","4.483","","","","","","","","","","","","","","","","",""
"09/03/2023","3.828","3.869","3.947","","","","","","","","","","","","","","","","",""
"08/03/2023","3.84","3.846","3.86","","","","","","","","","","","","","","","","",""
"07/03/2023","3.84","3.845","3.85","","","","","","","","","","","","","","","","",""
"06/03/2023","3.813","3.839","3.857","","","","","","","","","","","","","","","","",""
"05/03/2023","3.83","3.84","3.85","","","","","","","","","","","","","","","","",""
"04/03/2023","3.82","3.837","3.85","","","","","","","","","","","","","","","","",""
"03/03/2023","3.84","3.84","3.84","","","","","","","","","","","","","","","","",""
"02/03/2023","3.829","3.847","3.86","","","","","","","","","","","","","","","","",""
"01/03/2023","3.84","3.847","3.86","","","","","","","","","","","","","","","","",""
"28/02/2023","3.84","3.845","3.85","","","","","","","","","","","","","","","","",""
"27/02/2023","3.83","3.84","3.85","","","","","","","","","","","","","","","","",""
"26/02/2023","3.83","3.84","3.85","","","","","","","","","","","","","","","","",""
"25/02/2023","3.83","3.843","3.85","","","","","","","","","","","","","","","","",""
"24/02/2023","3.828","3.845","3.854","","","","","","","","","","","","","","","","",""
"23/02/2023","3.83","3.837","3.848","","","","","","","","","","","","","","","","",""
"22/02/2023","3.829","3.84","3.85","","","","","","","","","","","","","","","","",""
"21/02/2023","3.799","3.838","3.866","","","","","","","","","","","","","","","","",""
"20/02/2023","3.808","3.836","3.855","","","","","","","","","","","","","","","","",""
"19/02/2023","3.83","3.837","3.84","","","","","","","","","","","","","","","","",""
"18/02/2023","3.83","3.84","3.85","","","","","","","","","","","","","","","","",""
"17/02/2023","3.819","3.832","3.842","","","","","","","","","","","","","","","","",""
"16/02/2023","3.826","3.843","3.856","","","","","","","","","","","","","","","","",""
"15/02/2023","3.832","3.844","3.86","","","","","","","","","","","","","","","","",""
"14/02/2023","3.84","3.843","3.85","","","","","","","","","","","","","","","","",""
"13/02/2023","3.85","3.85","3.85","","","","","","","","","","","","","","","","",""
"12/02/2023","3.84","3.843","3.85","","","","","","","","","","","","","","","","",""
"11/02/2023","3.85","3.85","3.85","","","","","","","","","","","","","","","","",""
"10/02/2023","3.832","3.844","3.87","","","","","","","","","","","","","","","","",""
"09/02/2023","3.835","3.848","3.868","","","","","","","","","","","","","","","","",""
"08/02/2023","3.84","3.849","3.86","","","","","","","","","","","","","","","","",""
"07/02/2023","3.837","3.842","3.854","","","","","","","","","","","","","","","","",""
"06/02/2023","3.835","3.848","3.866","","","","","","","","","","","","","","","","",""
"05/02/2023","3.837","3.852","3.868","","","","","","","","","","","","","","","","",""
"","3.834","3.852","3.865","","","","","","","","","","","","","","","","",""
"","3.83","3.848","3.864","","","","","","","","","","","","","","","","",""
"","3.837","3.847","3.863","","","","","","","","","","","","","","","","",""
"","3.836","3.846","3.864","","","","","","","","","","","","","","","","",""
"","3.838","3.847","3.855","","","","","","","","","","","","","","","","",""
"","3.842","3.851","3.865","","","","","","","","","","","","","","","","",""
"","3.85","3.85","3.85","","","","","","","","","","","","","","","","",""
"","3.842","3.86","3.872","","","","","","","","","","","","","","","","",""
"","3.843","3.855","3.87","","","","","","","","","","","","","","","","",""
"","3.85","3.855","3.86","","","","","","","","","","","","","","","","",""
"","3.84","3.853","3.88","","","","","","","","","","","","","","","","",""
"","3.831","3.846","3.857","","","","","","","","","","","","","","","","",""
"","3.789","3.829","3.87","","","","","","","","","","","","","","","","",""
"","3.795","3.816","3.834","","","","","","","","","","","","","","","","",""
"","3.8","3.819","3.83","","","","","","","","","","","","","","","","",""
"","3.81","3.831","3.84","","","","","","","","","","","","","","","","",""
"","3.8","3.829","3.85","","","","","","","","","","","","","","","","",""
"","3.83","3.85","3.88","","","","","","","","","","","","","","","","",""
"","3.839","3.873","3.892","","","","","","","","","","","","","","","","",""
"","3.832","3.912","3.959","","","","","","","","","","","","","","","","",""
"","3.95","3.985","4.02","","","","","","","","","","","","","","","","",""
"","3.9","3.915","3.93","","","","","","","","","","","","","","","","",""
"","3.924","3.967","4","","","","","","","","","","","","","","","","",""
"","3.897","3.923","3.943","","","","","","","","","","","","","","","","",""
"","3.918","4.024","4.153","","","","","","","","","","","","","","","","",""
"","4.019","4.057","4.082","","","","","","","","","","","","","","","","",""
"","3.838","3.97","4.159","","","","","","","","","","","","","","","","",""
"","3.759","3.788","3.847","","","","","","","","","","","","","","","","",""
"","3.777","3.81","3.836","","","","","","","","","","","","","","","","",""
"","3.787","3.824","3.875","","","","","","","","","","","","","","","","",""
"","3.87","3.883","3.891","","","","","","","","","","","","","","","","",""
"","3.802","3.867","3.908","","","","","","","","","","","","","","","","",""
"","3.868","3.88","3.896","","","","","","","","","","","","","","","","",""
"","3.923","3.945","3.968","","","","","","","","","","","","","","","","",""
"","3.834","3.919","3.993","","","","","","","","","","","","","","","","",""
"","3.813","3.825","3.845","","","","","","","","","","","","","","","","",""
"","3.821","3.837","3.854","","","","","","","","","","","","","","","","",""
"","3.824","3.833","3.841","","","","","","","","","","","","","","","","",""
"","3.796","3.824","3.838","","","","","","","","","","","","","","","","",""
"","3.8","3.838","3.854","","","","","","","","","","","","","","","","",""
"","3.853","3.868","3.882","","","","","","","","","","","","","","","","",""
"","3.748","3.869","3.985","","","","","","","","","","","","","","","","",""
"","3.892","3.965","4.06","","","","","","","","","","","","","","","","",""
"","3.834","3.858","3.881","","","","","","","","","","","","","","","","",""
"","3.792","3.838","3.883","","","","","","","","","","","","","","","","",""
"","3.73","3.857","3.919","","","","","","","","","","","","","","","","",""
"","3.908","3.93","3.995","","","","","","","","","","","","","","","","",""
"","3.809","3.867","3.976","","","","","","","","","","","","","","","","",""
"","3.794","3.803","3.811","","","","","","","","","","","","","","","","",""
"","3.789","3.799","3.813","","","","","","","","","","","","","","","","",""
"","3.796","3.8","3.805","","","","","","","","","","","","","","","","",""
"","3.815","3.815","3.816","","","","","","","","","","","","","","","","",""
"","3.791","3.8","3.807","","","","","","","","","","","","","","","","",""
"","3.79","3.81","3.82","","","","","","","","","","","","","","","","",""
"","3.79","3.801","3.809","","","","","","","","","","","","","","","","",""
"","3.797","3.807","3.817","","","","","","","","","","","","","","","","",""
"","3.786","3.803","3.816","","","","","","","","","","","","","","","","",""
"","3.789","3.799","3.82","","","","","","","","","","","","","","","","",""
"","3.788","3.803","3.819","","","","","","","","","","","","","","","","",""
"","3.792","3.806","3.819","","","","","","","","","","","","","","","","",""
"","3.787","3.8","3.813","","","","","","","","","","","","","","","","",""
"","3.803","3.813","3.818","","","","","","","","","","","","","","","","",""
"","3.804","3.809","3.817","","","","","","","","","","","","","","","","",""
"","3.797","3.812","3.826","","","","","","","","","","","","","","","","",""
"","3.795","3.804","3.815","","","","","","","","","","","","","","","","",""
"","3.797","3.811","3.834","","","","","","","","","","","","","","","","",""
"","3.81","3.813","3.818","","","","","","","","","","","","","","","","",""
"","3.803","3.816","3.853","","","","","","","","","","","","","","","","",""
"","3.802","3.815","3.823","","","","","","","","","","","","","","","","",""
"","3.814","3.831","3.847","","","","","","","","","","","","","","","","",""
"","3.754","3.812","3.838","","","","","","","","","","","","","","","","",""
"","3.843","3.856","3.865","","","","","","","","","","","","","","","","",""
"","3.862","3.87","3.888","","","","","","","","","","","","","","","","",""
"","3.829","3.843","3.87","","","","","","","","","","","","","","","","",""
"","3.829","3.837","3.843","","","","","","","","","","","","","","","","",""
"","3.807","3.814","3.824","","","","","","","","","","","","","","","","",""
"","3.784","3.804","3.819","","","","","","","","","","","","","","","","",""
"","3.835","3.841","3.853","","","","","","","","","","","","","","","","",""
"","3.836","3.861","3.876","","","","","","","","","","","","","","","","",""
"","3.78","3.816","3.866","","","","","","","","","","","","","","","","",""
"","3.792","3.809","3.847","","","","","","","","","","","","","","","","",""
"","3.796","3.809","3.827","","","","","","","","","","","","","","","","",""
"","3.794","3.804","3.818","","","","","","","","","","","","","","","","",""
"","3.795","3.803","3.812","","","","","","","","","","","","","","","","",""
"","3.803","3.812","3.819","","","","","","","","","","","","","","","","",""
"","3.797","3.805","3.813","","","","","","","","","","","","","","","","",""
"","3.8","3.811","3.826","","","","","","","","","","","","","","","","",""
"","3.796","3.813","3.822","","","","","","","","","","","","","","","","",""
"","3.819","3.836","3.848","","","","","","","","","","","","","","","","",""
"","3.818","3.84","3.861","","","","","","","","","","","","","","","","",""
"","3.82","3.831","3.839","","","","","","","","","","","","","","","","",""
"","3.812","3.825","3.839","","","","","","","","","","","","","","","","",""
"","3.811","3.829","3.843","","","","","","","","","","","","","","","","",""
"","3.821","3.835","3.88","","","","","","","","","","","","","","","","",""
"","3.788","3.797","3.815","","","","","","","","","","","","","","","","",""
"","3.75","3.792","3.81","","","","","","","","","","","","","","","","",""
"","3.789","3.8","3.807","","","","","","","","","","","","","","","","",""
"","3.797","3.808","3.818","","","","","","","","","","","","","","","","",""
"","3.814","3.817","3.818","","","","","","","","","","","","","","","","",""
"","3.803","3.813","3.821","","","","","","","","","","","","","","","","",""
"","3.803","3.814","3.826","","","","","","","","","","","","","","","","",""
"","3.793","3.816","3.827","","","","","","","","","","","","","","","","",""
"","3.81","3.824","3.838","","","","","","","","","","","","","","","","",""
"","3.807","3.84","3.886","","","","","","","","","","","","","","","","",""
"","3.801","3.83","3.845","","","","","","","","","","","","","","","","",""
"","3.817","3.82","3.823","","","","","","","","","","","","","","","","",""
"","3.813","3.833","3.846","","","","","","","","","","","","","","","","",""
"","3.778","3.806","3.822","","","","","","","","","","","","","","","","",""
"","3.78","3.791","3.799","","","","","","","","","","","","","","","","",""
"","3.775","3.789","3.799","","","","","","","","","","","","","","","","",""
"","3.784","3.787","3.793","","","","","","","","","","","","","","","","",""
"","3.772","3.794","3.816","","","","","","","","","","","","","","","","",""
"","3.772","3.784","3.795","","","","","","","","","","","","","","","","",""
"","3.775","3.786","3.792","","","","","","","","","","","","","","","","",""
"","3.776","3.784","3.791","","","","","","","","","","","","","","","","",""
"","3.78","3.788","3.794","","","","","","","","","","","","","","","","",""
"","3.775","3.787","3.806","","","","","","","","","","","","","","","","",""
"","3.772","3.781","3.791","","","","","","","","","","","","","","","","",""
"","3.774","3.776","3.778","","","","","","","","","","","","","","","","",""
"","3.766","3.772","3.778","","","","","","","","","","","","","","","","",""
"","3.768","3.776","3.786","","","","","","","","","","","","","","","","",""
"","3.765","3.774","3.783","","","","","","","","","","","","","","","","",""
"","3.753","3.771","3.783","","","","","","","","","","","","","","","","",""
"","3.761","3.77","3.777","","","","","","","","","","","","","","","","",""
"","3.769","3.779","3.785","","","","","","","","","","","","","","","","",""
"","3.77","3.78","3.787","","","","","","","","","","","","","","","","",""
"","3.782","3.786","3.789","","","","","","","","","","","","","","","","",""
"","3.769","3.799","3.846","","","","","","","","","","","","","","","","",""
"","3.772","3.785","3.792","","","","","","","","","","","","","","","","",""
"","3.773","3.789","3.794","","","","","","","","","","","","","","","","",""
"","3.774","3.788","3.797","","","","","","","","","","","","","","","","",""
"","3.782","3.79","3.795","","","","","","","","","","","","","","","","",""
"","3.772","3.785","3.795","","","","","","","","","","","","","","","","",""
"","3.771","3.788","3.801","","","","","","","","","","","","","","","","",""
"","3.78","3.79","3.798","","","","","","","","","","","","","","","","",""
"","3.773","3.785","3.795","","","","","","","","","","","","","","","","",""
"","3.767","3.781","3.794","","","","","","","","","","","","","","","","",""
"","3.766","3.78","3.788","","","","","","","","","","","","","","","","",""
"","3.768","3.78","3.789","","","","","","","","","","","","","","","","",""
"","3.763","3.778","3.795","","","","","","","","","","","","","","","","",""
"","3.771","3.784","3.797","","","","","","","","","","","","","","","","",""
"","3.771","3.785","3.797","","","","","","","","","","","","","","","","",""
"","3.776","3.79","3.799","","","","","","","","","","","","","","","","",""
"","3.797","3.806","3.817","","","","","","","","","","","","","","","","",""
"","3.772","3.794","3.819","","","","","","","","","","","","","","","","",""
"","3.769","3.782","3.793","","","","","","","","","","","","","","","","",""
"","3.773","3.785","3.795","","","","","","","","","","","","","","","","",""
"","3.773","3.787","3.797","","","","","","","","","","","","","","","","",""
"","3.78","3.791","3.799","","","","","","","","","","","","","","","","",""
"","3.787","3.799","3.81","","","","","","","","","","","","","","","","",""
"","3.788","3.805","3.839","","","","","","","","","","","","","","","","",""
"","3.793","3.828","3.871","","","","","","","","","","","","","","","","",""
"","3.778","3.787","3.804","","","","","","","","","","","","","","","","",""
"","3.769","3.78","3.795","","","","","","","","","","","","","","","","",""
"","3.771","3.78","3.791","","","","","","","","","","","","","","","","",""
"","3.778","3.787","3.799","","","","","","","","","","","","","","","","",""
"","3.783","3.792","3.803","","","","","","","","","","","","","","","","",""
"","3.782","3.794","3.807","","","","","","","","","","","","","","","","",""
"","3.782","3.791","3.803","","","","","","","","","","","","","","","","",""
"","3.782","3.791","3.807","","","","","","","","","","","","","","","","",""
"","3.784","3.795","3.807","","","","","","","","","","","","","","","","",""
"","3.802","3.809","3.818","","","","","","","","","","","","","","","","",""
"","3.793","3.807","3.825","","","","","","","","","","","","","","","","",""
"","3.79","3.839","3.893","","","","","","","","","","","","","","","","",""
"","3.766","3.783","3.805","","","","","","","","","","","","","","","","",""
"","3.776","3.787","3.797","","","","","","","","","","","","","","","","",""
"","3.777","3.789","3.798","","","","","","","","","","","","","","","","",""
"","3.772","3.786","3.798","","","","","","","","","","","","","","","","",""
"","3.773","3.786","3.8","","","","","","","","","","","","","","","","",""
"","3.775","3.786","3.799","","","","","","","","","","","","","","","","",""
"","3.773","3.784","3.793","","","","","","","","","","","","","","","","",""
"","3.772","3.787","3.803","","","","","","","","","","","","","","","","",""
"","3.77","3.786","3.802","","","","","","","","","","","","","","","","",""
"","3.768","3.779","3.797","","","","","","","","","","","","","","","","",""
"","3.771","3.784","3.794","","","","","","","","","","","","","","","","",""
"","3.777","3.788","3.797","","","","","","","","","","","","","","","","",""
"","3.779","3.793","3.804","","","","","","","","","","","","","","","","",""
"","3.774","3.789","3.815","","","","","","","","","","","","","","","","",""
"","3.771","3.783","3.792","","","","","","","","","","","","","","","","",""
"","3.773","3.787","3.797","","","","","","","","","","","","","","","","",""
"","3.773","3.788","3.796","","","","","","","","","","","","","","","","",""
"","3.77","3.783","3.792","","","","","","","","","","","","","","","","",""
"","3.775","3.786","3.799","","","","","","","","","","","","","","","","",""
"","3.779","3.791","3.803","","","","","","","","","","","","","","","","",""
"","3.769","3.791","3.808","","","","","","","","","","","","","","","","",""
"","3.767","3.776","3.787","","","","","","","","","","","","","","","","",""
"","3.766","3.778","3.789","","","","","","","","","","","","","","","","",""
"","3.77","3.781","3.799","","","","","","","","","","","","","","","","",""
"","3.759","3.774","3.787","","","","","","","","","","","","","","","","",""
"","3.764","3.776","3.785","","","","","","","","","","","","","","","","",""
"","3.767","3.78","3.791","","","","","","","","","","","","","","","","",""
"","3.764","3.779","3.792","","","","","","","","","","","","","","","","",""
"","3.763","3.777","3.788","","","","","","","","","","","","","","","","",""
"","3.761","3.774","3.784","","","","","","","","","","","","","","","","",""
"","3.752","3.77","3.787","","","","","","","","","","","","","","","","",""
"","3.746","3.761","3.775","","","","","","","","","","","","","","","","",""
"","3.753","3.765","3.776","","","","","","","","","","","","","","","","",""
"","3.763","3.775","3.782","","","","","","","","","","","","","","","","",""
"","3.761","3.774","3.786","","","","","","","","","","","","","","","","",""
"","3.755","3.769","3.779","","","","","","","","","","","","","","","","",""
"","3.764","3.775","3.783","","","","","","","","","","","","","","","","",""
"","3.761","3.771","3.781","","","","","","","","","","","","","","","","",""
"","3.758","3.771","3.781","","","","","","","","","","","","","","","","",""
"","3.762","3.774","3.783","","","","","","","","","","","","","","","","",""
"","3.763","3.774","3.786","","","","","","","","","","","","","","","","",""
"","3.756","3.771","3.781","","","","","","","","","","","","","","","","",""
"","3.76","3.771","3.788","","","","","","","","","","","","","","","","",""
"","3.757","3.771","3.788","","","","","","","","","","","","","","","","",""
"","3.781","3.808","3.832","","","","","","","","","","","","","","","","",""
"","3.813","3.825","3.835","","","","","","","","","","","","","","","","",""
"","3.818","3.83","3.849","","","","","","","","","","","","","","","","",""
"","3.823","3.834","3.85","","","","","","","","","","","","","","","","",""
"","3.82","3.837","3.853","","","","","","","","","","","","","","","","",""
"","3.819","3.833","3.849","","","","","","","","","","","","","","","","",""
"","3.818","3.832","3.842","","","","","","","","","","","","","","","","",""
"","3.828","3.84","3.855","","","","","","","","","","","","","","","","",""
"","3.832","3.846","3.862","","","","","","","","","","","","","","","","",""
"","3.831","3.845","3.862","","","","","","","","","","","","","","","","",""
"","3.835","3.843","3.856","","","","","","","","","","","","","","","","",""
"","3.826","3.839","3.848","","","","","","","","","","","","","","","","",""
"","3.827","3.84","3.848","","","","","","","","","","","","","","","","",""
"","3.815","3.83","3.848","","","","","","","","","","","","","","","","",""
"","3.82","3.833","3.845","","","","","","","","","","","","","","","","",""
"","3.823","3.836","3.846","","","","","","","","","","","","","","","","",""
"","3.823","3.838","3.846","","","","","","","","","","","","","","","","",""
"","3.828","3.841","3.853","","","","","","","","","","","","","","","","",""
"","3.831","3.843","3.856","","","","","","","","","","","","","","","","",""
"","3.829","3.845","3.86","","","","","","","","","","","","","","","","",""
"","3.841","3.854","3.879","","","","","","","","","","","","","","","","",""
"","3.842","3.856","3.869","","","","","","","","","","","","","","","","",""
"","3.84","3.853","3.875","","","","","","","","","","","","","","","","",""
"","3.835","3.852","3.863","","","","","","","","","","","","","","","","",""
"","3.835","3.844","3.855","","","","","","","","","","","","","","","","",""
"","3.832","3.846","3.862","","","","","","","","","","","","","","","","",""
"","3.839","3.85","3.86","","","","","","","","","","","","","","","","",""
"","3.837","3.851","3.861","","","","","","","","","","","","","","","","",""
"","3.839","3.849","3.862","","","","","","","","","","","","","","","","",""
"","3.84","3.85","3.862","","","","","","","","","","","","","","","","",""
"","3.84","3.852","3.863","","","","","","","","","","","","","","","","",""
"","3.84","3.852","3.865","","","","","","","","","","","","","","","","",""
"","3.845","3.858","3.866","","","","","","","","","","","","","","","","",""
"","3.844","3.856","3.867","","","","","","","","","","","","","","","","",""
"","3.854","3.87","3.882","","","","","","","","","","","","","","","","",""
"","3.843","3.875","3.911","","","","","","","","","","","","","","","","",""
"","3.85","3.865","3.914","","","","","","","","","","","","","","","","",""
"","3.843","3.859","3.875","","","","","","","","","","","","","","","","",""
"","3.836","3.853","3.876","","","","","","","","","","","","","","","","",""
"","3.838","3.852","3.863","","","","","","","","","","","","","","","","",""
"","3.837","3.852","3.867","","","","","","","","","","","","","","","","",""
"","3.836","3.847","3.855","","","","","","","","","","","","","","","","",""
"","3.83","3.843","3.854","","","","","","","","","","","","","","","","",""
"","3.832","3.849","3.861","","","","","","","","","","","","","","","","",""
"","3.832","3.849","3.862","","","","","","","","","","","","","","","","",""
"","3.833","3.845","3.865","","","","","","","","","","","","","","","","",""
"","3.824","3.84","3.853","","","","","","","","","","","","","","","","",""
"","3.821","3.842","3.857","","","","","","","","","","","","","","","","",""
"","3.836","3.852","3.898","","","","","","","","","","","","","","","","",""
"","3.846","3.849","3.855","","","","","","","","","","","","","","","","",""
"","3.859","3.859","3.859","","","","","","","","","","","","","","","","",""
"","3.828","3.842","3.86","","","","","","","","","","","","","","","","",""
"","3.83","3.843","3.856","","","","","","","","","","","","","","","","",""
"","3.823","3.843","3.856","","","","","","","","","","","","","","","","",""
"","3.828","3.839","3.865","","","","","","","","","","","","","","","","",""
"","3.826","3.841","3.864","","","","","","","","","","","","","","","","",""
"","3.831","3.842","3.857","","","","","","","","","","","","","","","","",""
"","3.831","3.843","3.858","","","","","","","","","","","","","","","","",""
"","3.827","3.841","3.855","","","","","","","","","","","","","","","","",""
"","3.818","3.835","3.85","","","","","","","","","","","","","","","","",""
"","3.825","3.836","3.851","","","","","","","","","","","","","","","","",""
"","3.824","3.84","3.852","","","","","","","","","","","","","","","","",""
"","3.819","3.834","3.853","","","","","","","","","","","","","","","","",""
"","3.822","3.838","3.853","","","","","","","","","","","","","","","","",""
"","3.826","3.842","3.859","","","","","","","","","","","","","","","","",""
"","3.824","3.842","3.86","","","","","","","","","","","","","","","","",""
"","3.815","3.855","3.877","","","","","","","","","","","","","","","","",""
"","3.826","3.847","3.865","","","","","","","","","","","","","","","","",""
"","3.765","3.85","3.892","","","","","","","","","","","","","","","","",""
"","3.877","3.885","3.896","","","","","","","","","","","","","","","","",""
"","3.829","3.866","3.896","","","","","","","","","","","","","","","","",""
"","3.816","3.826","3.845","","","","","","","","","","","","","","","","",""
"","3.806","3.832","3.85","","","","","","","","","","","","","","","","",""
"","3.821","3.835","3.851","","","","","","","","","","","","","","","","",""
"","3.823","3.838","3.851","","","","","","","","","","","","","","","","",""
"","3.822","3.835","3.855","","","","","","","","","","","","","","","","",""
"","3.819","3.833","3.86","","","","","","","","","","","","","","","","",""
"","3.812","3.829","3.85","","","","","","","","","","","","","","","","",""
"","3.814","3.832","3.856","","","","","","","","","","","","","","","","",""
"","3.815","3.836","3.854","","","","","","","","","","","","","","","","",""
"","3.814","3.833","3.852","","","","","","","","","","","","","","","","",""
"","3.813","3.834","3.844","","","","","","","","","","","","","","","","",""
"","3.814","3.83","3.853","","","","","","","","","","","","","","","","",""
"","3.814","3.83","3.843","","","","","","","","","","","","","","","","",""
"","3.814","3.826","3.847","","","","","","","","","","","","","","","","",""
"","3.812","3.831","3.847","","","","","","","","","","","","","","","","",""
"","3.813","3.831","3.846","","","","","","","","","","","","","","","","",""
"","3.812","3.827","3.845","","","","","","","","","","","","","","","","",""
"","3.812","3.823","3.84","","","","","","","","","","","","","","","","",""
"","3.802","3.821","3.84","","","","","","","","","","","","","","","","",""
"","3.811","3.826","3.841","","","","","","","","","","","","","","","","",""
"","3.817","3.831","3.846","","","","","","","","","","","","","","","","",""
"","3.815","3.827","3.839","","","","","","","","","","","","","","","","",""
"","3.813","3.823","3.838","","","","","","","","","","","","","","","","",""
"","3.814","3.83","3.851","","","","","","","","","","","","","","","","",""
"","3.789","3.819","3.842","","","","","","","","","","","","","","","","",""
"","3.772","3.819","3.841","","","","","","","","","","","","","","","","",""
"","3.812","3.826","3.841","","","","","","","","","","","","","","","","",""
"","3.805","3.82","3.834","","","","","","","","","","","","","","","","",""
"","3.814","3.825","3.839","","","","","","","","","","","","","","","","",""
"","3.815","3.83","3.844","","","","","","","","","","","","","","","","",""
"","3.815","3.834","3.849","","","","","","","","","","","","","","","","",""
"","3.814","3.834","3.855","","","","","","","","","","","","","","","","",""
"","3.82","3.831","3.843","","","","","","","","","","","","","","","","",""
"","3.822","3.833","3.847","","","","","","","","","","","","","","","","",""
"","3.814","3.833","3.85","","","","","","","","","","","","","","","","",""
"","3.819","3.832","3.852","","","","","","","","","","","","","","","","",""
"","3.819","3.831","3.859","","","","","","","","","","","","","","","","",""
"","3.817","3.832","3.85","","","","","","","","","","","","","","","","",""
"","3.819","3.831","3.844","","","","","","","","","","","","","","","","",""
"","3.821","3.834","3.85","","","","","","","","","","","","","","","","",""
"","3.826","3.84","3.853","","","","","","","","","","","","","","","","",""
"","3.827","3.839","3.854","","","","","","","","","","","","","","","","",""
"","3.825","3.845","3.883","","","","","","","","","","","","","","","","",""
"","3.845","3.864","3.879","","","","","","","","","","","","","","","","",""
"","3.838","3.89","3.918","","","","","","","","","","","","","","","","",""
"","3.852","3.903","3.996","","","","","","","","","","","","","","","","",""
"","3.819","3.843","3.888","","","","","","","","","","","","","","","","",""
"","3.82","3.832","3.85","","","","","","","","","","","","","","","","",""
"","3.821","3.833","3.846","","","","","","","","","","","","","","","","",""
"","3.828","3.84","3.853","","","","","","","","","","","","","","","","",""
"","3.828","3.838","3.851","","","","","","","","","","","","","","","","",""
"","3.829","3.843","3.864","","","","","","","","","","","","","","","","",""
"","3.787","3.844","3.877","","","","","","","","","","","","","","","","",""
"","3.842","3.853","3.872","","","","","","","","","","","","","","","","",""
"","3.865","3.873","3.884","","","","","","","","","","","","","","","","",""
"","3.839","3.901","3.938","","","","","","","","","","","","","","","","",""
"","3.924","3.956","3.982","","","","","","","","","","","","","","","","",""
"","3.895","3.927","3.982","","","","","","","","","","","","","","","","",""
"","3.816","3.935","3.985","","","","","","","","","","","","","","","","",""
"","3.949","3.99","4.029","","","","","","","","","","","","","","","","",""
"","3.862","3.893","3.95","","","","","","","","","","","","","","","","",""
"","3.824","3.854","3.876","","","","","","","","","","","","","","","","",""
"","3.821","3.838","3.855","","","","","","","","","","","","","","","","",""
"","3.816","3.841","3.877","","","","","","","","","","","","","","","","",""
"","3.793","3.849","3.893","","","","","","","","","","","","","","","","",""
"","3.844","3.861","3.874","","","","","","","","","","","","","","","","",""
"","3.84","3.854","3.891","","","","","","","","","","","","","","","","",""
"","3.685","3.86","3.918","","","","","","","","","","","","","","","","",""
"","3.83","3.967","4.047","","","","","","","","","","","","","","","","",""
"","3.888","3.99","4.06","","","","","","","","","","","","","","","","",""
"","3.819","3.857","3.902","","","","","","","","","","","","","","","","",""
"","3.819","3.844","3.861","","","","","","","","","","","","","","","","",""
"","3.739","3.835","3.863","","","","","","","","","","","","","","","","",""
"","3.832","3.883","3.918","","","","","","","","","","","","","","","","",""
"","3.861","3.919","4.04","","","","","","","","","","","","","","","","",""
"","3.827","3.841","3.867","","","","","","","","","","","","","","","","",""
"","0","3.778","3.854","","","","","","","","","","","","","","","","",""
"","3.803","3.819","3.832","","","","","","","","","","","","","","","","",""
"","3.8","3.82","3.834","","","","","","","","","","","","","","","","",""
"","3.811","3.821","3.838","","","","","","","","","","","","","","","","",""
"","3.81","3.823","3.838","","","","","","","","","","","","","","","","",""
"","3.806","3.819","3.833","","","","","","","","","","","","","","","","",""
"","3.805","3.82","3.835","","","","","","","","","","","","","","","","",""
"","3.809","3.821","3.841","","","","","","","","","","","","","","","","",""
"","3.803","3.819","3.833","","","","","","","","","","","","","","","","",""
"","3.807","3.823","3.843","","","","","","","","","","","","","","","","",""
"","3.798","3.82","3.851","","","","","","","","","","","","","","","","",""
"","3.805","3.819","3.836","","","","","","","","","","","","","","","","",""
"","3.798","3.817","3.834","","","","","","","","","","","","","","","","",""
"","3.798","3.819","3.835","","","","","","","","","","","","","","","","",""
"","3.802","3.82","3.835","","","","","","","","","","","","","","","","",""
"","3.804","3.822","3.837","","","","","","","","","","","","","","","","",""
"","3.795","3.818","3.841","","","","","","","","","","","","","","","","",""
"","3.808","3.819","3.837","","","","","","","","","","","","","","","","",""
"","3.807","3.819","3.834","","","","","","","","","","","","","","","","",""
"","3.809","3.823","3.836","","","","","","","","","","","","","","","","",""
"","3.809","3.821","3.839","","","","","","","","","","","","","","","","",""
"","3.81","3.82","3.839","","","","","","","","","","","","","","","","",""
"","3.809","3.821","3.837","","","","","","","","","","","","","","","","",""
"","3.814","3.824","3.832","","","","","","","","","","","","","","","","",""
"","3.809","3.822","3.837","","","","","","","","","","","","","","","","",""
"","3.813","3.825","3.841","","","","","","","","","","","","","","","","",""
"","3.809","3.822","3.837","","","","","","","","","","","","","","","","",""
"","3.815","3.825","3.839","","","","","","","","","","","","","","","","",""
"","3.814","3.828","3.848","","","","","","","","","","","","","","","","",""
"","3.814","3.826","3.843","","","","","","","","","","","","","","","","",""
"","3.797","3.827","3.847","","","","","","","","","","","","","","","","",""
"","3.822","3.836","3.855","","","","","","","","","","","","","","","","",""
"","3.824","3.837","3.847","","","","","","","","","","","","","","","","",""
"","3.824","3.835","3.854","","","","","","","","","","","","","","","","",""
"","3.808","3.833","3.863","","","","","","","","","","","","","","","","",""
"","3.827","3.844","3.858","","","","","","","","","","","","","","","","",""
"","3.837","3.854","3.893","","","","","","","","","","","","","","","","",""
"","3.815","3.827","3.844","","","","","","","","","","","","","","","","",""
"","3.799","3.826","3.839","","","","","","","","","","","","","","","","",""
"","3.732","3.778","3.874","","","","","","","","","","","","","","","","",""
"","3.708","3.752","3.772","","","","","","","","","","","","","","","","",""
"","3.752","3.766","3.787","","","","","","","","","","","","","","","","",""
"","3.743","3.821","3.889","","","","","","","","","","","","","","","","",""
"","3.817","3.834","3.863","","","","","","","","","","","","","","","","",""
"","3.77","3.841","3.883","","","","","","","","","","","","","","","","",""